domain,group,moz_da,ahrefs_dr,semrush_authority,referring_domains,backlinks,organic_keywords,organic_traffic,source,observed_at,notes
tampabayshine.com,Tampa Bay Shine,,,,,,,,,,
thecleaningauthority.com,Residential,,,,,,,,,,
maidpro.com,Residential,,,,,,,,,,
extrememaids.com,Residential,,,,,,,,,,
mollymaid.com,Residential,,,,,,,,,,
maids.com,Residential,,,,,,,,,,
bestcleaningtampallc.com,Residential,,,,,,,,,,
luxetampabay.com,Residential,,,,,,,,,,
maidpurecleaningservices.com,Residential,,,,,,,,,,
tpacleaning.com,Residential,,,,,,,,,,
bestway-cleaning.com,Residential,,,,,,,,,,
vanguardcleaning.com,Commercial,,,,,,,,,,
stratusclean.com,Commercial,,,,,,,,,,
servicemasterclean.com,Commercial,,,,,,,,,,
buildingstars.com,Commercial,,,,,,,,,,
officepride.com,Commercial,,,,,,,,,,
anagocleaning.com,Commercial,,,,,,,,,,
ramclean.com,Commercial,,,,,,,,,,
coverall.com,Commercial,,,,,,,,,,
collegiateclean.com,Commercial,,,,,,,,,,
aacompleteservices.com,Commercial,,,,,,,,,,
